{"total_games_played": 1393, "win_rate": 0.11557788944723618, "avg_playtime_mins": 31.972170375687963, "avg_floor": 29.337401292175162, "max_score": 3594, "avg_times_rest": 1.202440775305097, "avg_times_upgrade": 3.251256281407035, "max_hp_over_80": 378, "max_hp_under_40": 29}