{"total_games_played": 994, "win_rate": 0.09456740442655935, "avg_playtime_mins": 32.514788732394365, "avg_floor": 28.814889336016098, "max_score": 3594, "avg_times_rest": 1.1287726358148893, "avg_times_upgrade": 3.227364185110664, "max_hp_over_80": 183, "max_hp_under_40": 24}